{"cameraMode":{"drawMode":0,"name":"Shaded","section":"Shading Mode"},"sceneLighting":false,"audioPlay":false,"sceneViewState":{"showFog":true,"showMaterialUpdate":false,"showSkybox":false,"showFlares":true,"showImageEffects":true,"showParticleSystems":true},"in2DMode":false,"pivot":{"x":1.4781079292297364,"y":0.5719888210296631,"z":-0.2536289691925049},"rotation":{"x":-0.18079467117786408,"y":-0.012689842842519284,"z":0.002332948613911867,"w":-0.9834377765655518},"size":1.4714499711990357,"orthographic":false}